INSERT INTO `roles` (`id`, `name`, `code`, `created_at`, `updated_at`)
VALUES
	(1, 'admin', 'admin', '2019-03-27 02:55:37', '2019-03-27 02:55:37'),
	(2, 'AllModule', 'AllModule', '2020-02-17 16:21:06', '2020-03-04 02:09:45'),
	(9, 'GRIDX', 'GRIDX', '2020-03-10 08:26:31', '2020-03-10 08:26:31'),
	(10, 'AllUtility', 'AllUtility', '2020-03-04 02:06:55', '2020-03-04 02:06:55'),
	(11, 'AllOperationGroup', 'AllOperationGroup', '2020-03-09 07:13:05', '2020-03-09 07:13:05'),
	(12, 'PSEG', 'PSEG', '2020-03-10 08:26:31', '2020-03-10 08:26:31');

INSERT INTO `permissions_roles` (`id`, `role_id`, `permission_id`, `created_at`, `updated_at`)
VALUES
	(7, 2, 1, '2020-02-17 16:21:06', '2020-02-17 16:21:06'),
	(8, 2, 2, '2020-02-17 16:21:06', '2020-02-17 16:21:06'),
	(9, 2, 3, '2020-02-17 16:21:06', '2020-02-17 16:21:06'),
	(10, 2, 4, '2020-02-17 16:21:06', '2020-02-17 16:21:06'),
	(11, 2, 5, '2020-02-17 16:21:06', '2020-02-17 16:21:06'),
	(17, 1, 5, '2020-02-20 06:47:34', '2020-02-20 06:47:34'),
	(20, 1, 3, '2020-02-20 06:48:02', '2020-02-20 06:48:02'),
	(23, 1, 8, '2020-02-20 08:38:12', '2020-02-20 08:38:12'),
	(24, 1, 4, '2020-02-20 08:38:32', '2020-02-20 08:38:32'),
	(25, 2, 8, '2020-02-20 12:55:50', '2020-02-20 12:55:50'),
	(26, 1, 2, '2020-02-20 12:55:57', '2020-02-20 12:55:57'),
	(27, 2, 9, '2020-02-25 04:17:17', '2020-02-25 04:17:17'),
	(28, 1, 9, '2020-02-25 04:17:25', '2020-02-25 04:17:25'),
	(29, 1, 10, '2020-03-01 14:29:32', '2020-03-01 14:29:32'),
	(30, 1, 16, '2020-03-01 14:29:32', '2020-03-01 14:29:32'),
	(31, 1, 11, '2020-03-01 14:33:20', '2020-03-01 14:33:20'),
	(32, 1, 12, '2020-03-01 14:33:20', '2020-03-01 14:33:20'),
	(33, 1, 13, '2020-03-01 14:33:20', '2020-03-01 14:33:20'),
	(34, 1, 14, '2020-03-01 14:33:20', '2020-03-01 14:33:20'),
	(35, 1, 15, '2020-03-01 14:33:20', '2020-03-01 14:33:20'),
	(67, 1, 17, '2020-03-04 02:01:12', '2020-03-04 02:01:12'),
	(69, 2, 11, '2020-03-04 02:01:28', '2020-03-04 02:01:28'),
	(70, 2, 12, '2020-03-04 02:01:28', '2020-03-04 02:01:28'),
	(71, 2, 13, '2020-03-04 02:01:28', '2020-03-04 02:01:28'),
	(72, 2, 14, '2020-03-04 02:01:28', '2020-03-04 02:01:28'),
	(73, 2, 15, '2020-03-04 02:01:28', '2020-03-04 02:01:28'),
	(74, 2, 16, '2020-03-04 02:01:28', '2020-03-04 02:01:28'),
	(79, 10, 1, '2020-03-04 02:06:55', '2020-03-04 02:06:55'),
	(80, 10, 10, '2020-03-04 02:06:55', '2020-03-04 02:06:55'),
	(81, 10, 11, '2020-03-04 02:06:55', '2020-03-04 02:06:55'),
	(82, 10, 12, '2020-03-04 02:06:55', '2020-03-04 02:06:55'),
	(83, 10, 13, '2020-03-04 02:06:55', '2020-03-04 02:06:55'),
	(84, 10, 14, '2020-03-04 02:06:55', '2020-03-04 02:06:55'),
	(85, 10, 15, '2020-03-04 02:06:55', '2020-03-04 02:06:55'),
	(86, 10, 16, '2020-03-04 02:06:55', '2020-03-04 02:06:55'),
	(87, 10, 17, '2020-03-04 02:06:55', '2020-03-04 02:06:55'),
	(107, 1, 36, '2020-03-06 07:52:23', '2020-03-06 07:52:23'),
	(108, 1, 37, '2020-03-06 07:52:23', '2020-03-06 07:52:23'),
	(109, 1, 39, '2020-03-06 07:52:23', '2020-03-06 07:52:23'),
	(110, 1, 40, '2020-03-06 07:52:23', '2020-03-06 07:52:23'),
	(111, 1, 41, '2020-03-06 07:52:23', '2020-03-06 07:52:23'),
	(112, 1, 42, '2020-03-06 07:52:23', '2020-03-06 07:52:23'),
	(114, 1, 44, '2020-03-06 07:52:23', '2020-03-06 07:52:23'),
	(115, 1, 45, '2020-03-06 07:52:23', '2020-03-06 07:52:23'),
	(116, 1, 46, '2020-03-06 07:52:23', '2020-03-06 07:52:23'),
	(117, 1, 47, '2020-03-06 07:52:23', '2020-03-06 07:52:23'),
	(118, 1, 48, '2020-03-06 07:52:23', '2020-03-06 07:52:23'),
	(119, 11, 8, '2020-03-09 07:13:05', '2020-03-09 07:13:05'),
	(120, 11, 25, '2020-03-09 07:13:05', '2020-03-09 07:13:05'),
	(121, 11, 36, '2020-03-09 07:13:05', '2020-03-09 07:13:05'),
	(122, 11, 37, '2020-03-09 07:13:05', '2020-03-09 07:13:05'),
	(123, 11, 39, '2020-03-09 07:13:05', '2020-03-09 07:13:05'),
	(124, 11, 40, '2020-03-09 07:13:05', '2020-03-09 07:13:05'),
	(125, 11, 41, '2020-03-09 07:13:05', '2020-03-09 07:13:05'),
	(126, 11, 42, '2020-03-09 07:13:05', '2020-03-09 07:13:05'),
	(127, 11, 43, '2020-03-09 07:13:05', '2020-03-09 07:13:05'),
	(128, 11, 44, '2020-03-09 07:13:05', '2020-03-09 07:13:05'),
	(129, 11, 45, '2020-03-09 07:13:05', '2020-03-09 07:13:05'),
	(130, 11, 46, '2020-03-09 07:13:05', '2020-03-09 07:13:05'),
	(131, 11, 47, '2020-03-09 07:13:05', '2020-03-09 07:13:05'),
	(132, 11, 48, '2020-03-09 07:13:05', '2020-03-09 07:13:05'),
	(133, 1, 25, '2020-03-09 08:57:11', '2020-03-09 08:57:11'),
	(134, 1, 49, '2020-03-10 08:26:15', '2020-03-10 08:26:15'),
	(135, 12, 1, '2020-03-10 08:26:31', '2020-03-10 08:26:31'),
	(136, 12, 10, '2020-03-10 08:26:31', '2020-03-10 08:26:31'),
	(137, 12, 49, '2020-03-10 08:26:31', '2020-03-10 08:26:31'),
	(138, 10, 49, '2020-03-11 03:03:40', '2020-03-11 03:03:40'),
	(139, 9, 10, '2020-03-11 03:04:13', '2020-03-11 03:04:13'),
	(140, 9, 17, '2020-03-11 03:04:13', '2020-03-11 03:04:13'),
	(141, 9, 1, '2020-03-11 03:04:26', '2020-03-11 03:04:26'),
	(142, 1, 1, '2020-03-11 03:04:48', '2020-03-11 03:04:48');



INSERT INTO `permissions` (`id`, `kind`, `name`, `code`, `parent_id`, `description`, `url`, `created_at`, `updated_at`)
VALUES
	(1, 'SYSTEM', 'Utility Operation', '233680b8', NULL, 'This is permission tree root', '', '2019-03-27 02:55:37', '2019-04-04 06:55:10'),
	(2, 'PAGE', 'Configuration', '523123ac', 1, NULL, NULL, '2019-09-01 22:11:00', '2019-09-01 22:11:00'),
	(3, 'PAGE', 'Tickets', '82b873a3', 1, NULL, NULL, '2019-09-01 22:11:00', '2019-09-01 22:11:00'),
	(4, 'PAGE', 'Schedule', '72b243ba', 1, NULL, NULL, '2019-09-01 22:11:00', '2019-09-01 22:11:00'),
	(5, 'PAGE', 'Task', '82b1d3ac', 1, NULL, NULL, '2019-09-01 22:11:00', '2019-09-01 22:11:00'),
	(8, 'PAGE', 'Operation', '09043348', 1, 'Operation', '', '2020-02-20 02:21:27', '2020-02-20 02:21:27'),
	(9, 'PAGE', 'Option', '27165e66', 1, '', '', '2020-02-25 02:23:51', '2020-02-25 02:23:51'),
	(10, 'SYSTEM', 'Utility', '5665e000', 1, 'Category', '', '2020-02-28 10:18:42', '2020-02-28 10:18:42'),
	(17, 'SYSTEM', 'GRIDX', 'df05d7c8', 10, '', '', '2020-03-03 02:28:00', '2020-03-03 02:28:00'),
	(25, 'SYSTEM', 'ETL', '50f926d1', 8, '', '', '2020-03-05 09:33:08', '2020-03-05 09:33:08'),
	(36, 'SYSTEM', 'Test', '1a6a5555', 8, '', '', '2020-03-05 09:35:25', '2020-03-05 09:35:25'),
	(37, 'SYSTEM', 'Analytics', '17e5390b', 8, '', '', '2020-03-06 07:42:55', '2020-03-06 07:42:55'),
	(39, 'SYSTEM', 'CMS ICost', '5e41e6f2', 8, '', '', '2020-03-06 07:43:20', '2020-03-06 07:43:20'),
	(40, 'SYSTEM', 'Data Backup', '1e1956d0', 8, '', '', '2020-03-06 07:43:43', '2020-03-06 07:43:43'),
	(41, 'SYSTEM', 'Dev Data Separation', 'd8e084de', 8, '', '', '2020-03-06 07:43:54', '2020-03-06 07:43:54'),
	(42, 'SYSTEM', 'Mailer Delivery', '611b4ef3', 8, '', '', '2020-03-06 07:44:12', '2020-03-06 07:44:12'),
	(43, 'SYSTEM', 'MBCP Collection', '08a08637', 8, '', '', '2020-03-06 07:44:23', '2020-03-06 07:44:23'),
	(44, 'SYSTEM', 'MBCP EDI ETL', '738d0e44', 8, '', '', '2020-03-06 07:44:34', '2020-03-06 07:44:34'),
	(45, 'SYSTEM', 'MBCP PDF', 'b6109e6a', 8, '', '', '2020-03-06 07:44:45', '2020-03-06 07:44:45'),
	(46, 'SYSTEM', 'MBCP Report', '376e27e8', 8, '', '', '2020-03-06 07:44:57', '2020-03-06 07:44:57'),
	(47, 'SYSTEM', 'MBCP SQMD', 'f7dbd4f9', 8, '', '', '2020-03-06 07:45:08', '2020-03-06 07:45:08'),
	(48, 'SYSTEM', 'Somah', '22ae99a0', 8, '', '', '2020-03-06 07:45:19', '2020-03-06 07:45:19'),
	(49, 'SYSTEM', 'PSEG', '7f30911d', 10, '', '', '2020-03-10 08:23:00', '2020-03-10 08:23:00');

INSERT INTO `permission_hierarchies` (`ancestor_id`, `descendant_id`, `generations`)
VALUES
	(1, 1, 0),
	(2, 2, 0),
	(3, 3, 0),
	(4, 4, 0),
	(5, 5, 0),
	(1, 8, 1),
	(8, 8, 0),
	(1, 9, 1),
	(9, 9, 0),
	(1, 10, 1),
	(10, 10, 0),
	(1, 17, 2),
	(10, 17, 1),
	(17, 17, 0),
	(1, 25, 2),
	(8, 25, 1),
	(25, 25, 0),
	(1, 36, 2),
	(8, 36, 1),
	(36, 36, 0),
	(1, 37, 2),
	(8, 37, 1),
	(37, 37, 0),
	(1, 39, 2),
	(8, 39, 1),
	(39, 39, 0),
	(1, 40, 2),
	(8, 40, 1),
	(40, 40, 0),
	(1, 41, 2),
	(8, 41, 1),
	(41, 41, 0),
	(1, 42, 2),
	(8, 42, 1),
	(42, 42, 0),
	(1, 44, 2),
	(8, 44, 1),
	(44, 44, 0),
	(1, 45, 2),
	(8, 45, 1),
	(45, 45, 0),
	(1, 46, 2),
	(8, 46, 1),
	(46, 46, 0),
	(1, 47, 2),
	(8, 47, 1),
	(47, 47, 0),
	(1, 48, 2),
	(8, 48, 1),
	(48, 48, 0),
	(1, 49, 2),
	(10, 49, 1),
	(49, 49, 0);

